Date notified,NHS Ayrshire & Arran,NHS Borders,NHS Dumfries & Galloway,NHS Fife,NHS Forth Valley,NHS Grampian,NHS Greater Glasgow & Clyde,NHS Highland,NHS Lanarkshire,NHS Lothian,NHS Orkney,NHS Shetland,NHS Tayside,NHS Western Isles,Scotland
43897,*,*,*,*,*,*,*,*,*,*,*,*,*,*,16
43898,*,*,*,*,*,*,*,*,*,*,*,*,*,*,21
43899,*,*,*,*,*,*,*,*,*,5,*,*,*,*,23
43900,*,*,*,*,*,6,*,*,*,7,*,*,*,*,27
43901,*,*,*,*,*,6,5,*,*,8,*,*,*,*,36
43902,*,*,*,*,6,7,10,*,7,11,*,6,*,*,60
43903,*,*,*,*,6,9,20,*,7,19,*,8,*,*,84
43904,6,5,*,6,6,9,31,*,10,25,*,13,11,*,123
43905,6,7,*,7,10,12,39,*,16,28,*,13,15,*,155
43906,6,7,*,7,10,12,44,*,20,29,*,15,17,*,170
43907,6,7,*,7,12,18,49,5,21,30,*,15,20,*,191
43908,9,7,*,8,15,18,57,5,25,33,*,16,24,*,221
43909,12,8,6,9,17,18,71,6,33,35,*,24,27,*,266
43910,16,9,10,12,23,19,91,6,41,40,*,24,31,*,322
43911,21,10,13,13,27,20,110,8,49,44,*,24,34,*,373
43912,25,11,16,16,30,23,130,8,49,46,*,24,38,*,416
43913,34,12,18,19,40,24,152,12,58,59,*,24,47,*,499
43914,41,12,26,25,43,24,183,13,75,70,*,24,48,*,584
43915,57,15,31,29,59,29,221,22,87,88,*,24,57,*,719
43916,74,23,39,40,75,31,258,29,114,111,*,24,76,*,894
43917,75,28,47,41,81,45,299,33,140,139,*,24,107,*,1059
43918,90,35,60,51,94,52,376,36,165,151,*,27,127,*,1264
43919,108,50,63,58,94,62,401,41,184,188,*,27,141,*,1417
43920,154,63,74,70,103,66,449,44,197,208,*,27,177,*,1632
43921,177,77,92,76,131,86,547,51,244,269,*,29,214,*,1993
43922,199,87,100,96,146,108,632,58,284,311,*,30,254,*,2310
43923,221,93,104,119,172,128,682,65,320,356,*,30,307,*,2602
43924,240,100,122,147,189,173,779,72,377,408,*,36,353,*,3001
43925,254,110,127,173,208,177,851,85,427,476,*,40,410,*,3345
43926,267,130,141,200,226,194,931,99,478,534,*,41,457,*,3706
43927,288,139,144,227,231,209,984,102,512,577,*,41,499,*,3961
43928,296,149,152,239,243,210,1094,112,547,621,*,42,516,*,4229
43929,312,160,155,255,259,223,1166,122,575,700,*,43,586,*,4565
43930,362,167,163,288,280,236,1251,137,607,747,*,43,667,*,4957
43931,364,177,164,333,302,251,1314,144,662,799,*,43,712,*,5275
43932,376,189,179,356,324,261,1387,148,707,856,5,43,753,6,5590
43933,390,199,186,379,337,291,1449,151,758,915,5,43,803,6,5912
43934,390,204,192,383,352,313,1486,163,784,932,5,45,812,6,6067
43935,416,208,199,397,367,335,1575,168,822,989,5,45,826,6,6358
43936,457,215,207,424,380,357,1661,180,873,1040,5,45,898,6,6748
43937,503,220,207,446,400,389,1742,184,911,1107,5,45,937,6,7102
43938,536,229,209,488,431,394,1794,187,934,1172,5,45,979,6,7409
43939,560,231,222,514,451,432,1905,193,995,1239,5,45,1022,6,7820
43940,586,237,229,532,509,464,1949,197,1022,1344,5,51,1056,6,8187
43941,604,239,231,542,542,490,2020,198,1051,1399,6,51,1071,6,8450
43942,623,240,231,561,562,519,2085,201,1076,1426,6,52,1084,6,8672
43943,640,243,235,593,569,550,2174,211,1118,1515,6,54,1124,6,9038
43944,653,248,235,619,604,602,2250,214,1155,1604,6,54,1159,6,9409
43945,678,253,235,637,606,638,2311,214,1176,1684,6,54,1199,6,9697
43946,692,258,237,653,655,700,2428,220,1187,1730,7,54,1224,6,10051
43947,705,259,240,672,662,748,2479,225,1231,1785,7,54,1251,6,10324
43948,721,269,243,681,680,771,2531,228,1265,1804,7,54,1261,6,10521
43949,738,272,243,692,689,782,2604,232,1297,1832,7,54,1273,6,10721
43950,745,279,244,712,717,813,2672,236,1329,1907,7,54,1313,6,11034
43951,762,279,246,737,724,834,2759,242,1374,1980,7,54,1349,6,11353
43952,778,281,249,750,747,866,2864,259,1400,2014,7,54,1379,6,11654
43953,793,283,250,768,757,889,2939,288,1436,2065,7,54,1392,6,11927
43954,799,284,250,776,788,898,2985,297,1454,2089,7,54,1410,6,12097
43955,818,284,250,778,794,931,3029,299,1492,2113,7,54,1411,6,12266
43956,825,284,254,784,802,946,3070,307,1520,2149,7,54,1429,6,12437
43957,846,285,254,792,809,957,3203,310,1541,2200,7,54,1445,6,12709
43958,853,286,254,801,818,973,3277,313,1576,2241,7,54,1465,6,12924
43959,885,286,255,804,828,1001,3333,317,1628,2274,7,54,1471,6,13149
43960,895,286,255,810,828,1035,3367,317,1635,2324,7,54,1486,6,13305
43961,904,286,255,811,828,1050,3449,320,1660,2359,7,54,1497,6,13486
43962,912,292,255,813,839,1078,3479,322,1693,2380,7,54,1497,6,13627
43963,925,294,255,813,856,1102,3510,324,1715,2397,7,54,1505,6,13763
43964,946,297,254,816,859,1123,3579,324,1721,2428,7,54,1515,6,13929
43965,952,298,255,823,863,1142,3628,328,1762,2459,7,54,1540,6,14117
43966,964,304,255,824,867,1152,3663,331,1781,2497,7,54,1555,6,14260
43967,966,310,257,824,871,1181,3707,331,1812,2539,7,54,1582,6,14447
43968,974,313,257,824,873,1189,3731,331,1828,2561,7,54,1589,6,14537
43969,976,316,257,824,880,1200,3742,331,1840,2568,7,54,1593,6,14594
43970,981,317,257,825,883,1206,3759,333,1853,2575,7,54,1599,6,14655
43971,987,322,257,826,894,1216,3780,334,1867,2584,7,54,1617,6,14751
43972,995,322,257,826,896,1218,3806,334,1892,2611,7,54,1632,6,14856
43973,1001,322,257,826,909,1223,3841,335,1913,2634,7,54,1641,6,14969
43974,1015,322,257,826,915,1223,3865,335,1922,2649,7,54,1645,6,15041
43975,1019,322,258,826,917,1224,3876,335,1934,2665,7,54,1658,6,15101
43976,1019,322,260,827,917,1245,3892,335,1944,2669,7,54,1659,6,15156
43977,1023,323,260,828,918,1250,3898,336,1948,2675,7,54,1659,6,15185
43978,1029,323,260,830,919,1256,3916,337,1957,2685,7,54,1661,6,15240
43979,1035,323,260,830,919,1259,3934,337,1968,2691,7,54,1665,6,15288
43980,1039,325,260,831,919,1269,3939,337,1974,2698,8,54,1668,6,15327
43981,1058,325,260,834,924,1273,3943,337,1984,2706,8,54,1670,6,15382
43982,1060,325,260,835,928,1274,3946,337,1987,2709,8,54,1671,6,15400
43983,1061,325,260,836,931,1278,3949,338,1987,2714,8,54,1671,6,15418
43984,1061,325,260,871,935,1281,3950,338,1995,2716,8,54,1671,6,15471
43985,1066,325,260,876,942,1282,3954,339,1998,2723,8,54,1671,6,15504
43986,1071,325,261,877,944,1283,3961,338,2002,2752,8,54,1671,6,15553
43987,1076,326,261,877,946,1284,3968,338,2005,2760,8,54,1673,6,15582
43988,1077,326,261,879,946,1284,3971,339,2007,2769,8,54,1676,6,15603
43989,1079,326,261,879,946,1286,3981,339,2008,2772,8,54,1676,6,15621
43990,1080,326,261,879,947,1286,3988,340,2013,2774,8,54,1677,6,15639
43991,1081,326,261,879,948,1287,3990,340,2018,2777,8,54,1678,6,15653
43992,1081,327,261,880,948,1287,3990,340,2021,2778,8,54,1684,6,15665
43993,1082,327,261,882,948,1288,3995,341,2022,2783,8,54,1685,6,15682
43994,1086,327,261,883,948,1288,4000,341,2028,2794,8,54,1685,6,15709
43995,1087,327,261,884,950,1288,4004,341,2031,2803,8,54,1686,6,15730
43996,1088,327,261,885,952,1294,4010,341,2035,2807,8,54,1687,6,15755
43997,1243,345,274,926,1048,1405,4805,373,2671,3110,9,54,1760,7,18030
43998,1243,345,274,926,1051,1405,4808,373,2674,3116,9,54,1760,7,18045
43999,1245,345,274,928,1051,1409,4810,373,2678,3123,9,54,1760,7,18066
44000,1245,345,274,928,1053,1410,4813,373,2681,3125,9,54,1760,7,18077
44001,1248,345,284,928,1053,1410,4814,373,2685,3134,9,54,1760,7,18104
44002,1249,345,284,928,1055,1410,4819,373,2698,3139,9,54,1760,7,18130
44003,1250,346,284,928,1056,1412,4827,373,2704,3145,9,54,1761,7,18156
44004,1250,346,285,928,1057,1412,4830,373,2712,3146,9,54,1761,7,18170
44005,1251,346,285,928,1058,1413,4832,374,2715,3147,9,54,1763,7,18182
44006,1251,346,285,928,1061,1413,4834,374,2715,3150,9,54,1764,7,18191
44007,1252,345,285,930,1061,1414,4838,374,2716,3146,9,54,1765,7,18196
44008,1253,345,285,929,1064,1417,4844,374,2717,3148,9,54,1767,7,18213
44009,1253,345,285,930,1066,1418,4848,374,2720,3151,9,54,1768,7,18228
44010,1253,345,285,930,1068,1419,4850,375,2722,3151,9,54,1768,7,18236
44011,1255,345,285,930,1069,1419,4851,375,2723,3151,9,54,1768,7,18241
44012,1255,345,290,930,1070,1419,4853,375,2724,3151,9,54,1769,7,18251
44013,1255,345,291,930,1070,1421,4858,375,2724,3151,9,54,1769,7,18259
44014,1255,345,292,930,1070,1423,4858,375,2726,3151,9,54,1769,7,18264
44015,1256,345,292,932,1076,1423,4858,375,2727,3153,9,54,1769,7,18276
44016,1256,345,293,932,1076,1425,4860,375,2728,3156,9,54,1771,7,18287
44017,1257,345,294,932,1076,1426,4861,376,2730,3157,9,54,1772,7,18296
44018,1257,345,295,932,1077,1426,4861,376,2731,3158,9,54,1772,7,18300
44019,1257,345,295,932,1078,1426,4862,376,2731,3158,9,54,1772,7,18302
44020,1257,345,295,932,1083,1427,4863,376,2731,3158,9,54,1772,7,18309
44021,1257,345,296,932,1085,1427,4865,376,2731,3159,9,54,1772,7,18315
44022,1258,345,298,933,1085,1429,4871,376,2733,3163,9,54,1772,7,18333
44023,1258,345,299,933,1085,1429,4872,377,2734,3165,9,54,1773,7,18340
44024,1258,345,299,933,1086,1430,4884,377,2736,3166,9,54,1775,7,18359
44025,1258,345,299,933,1087,1431,4887,377,2737,3166,9,54,1775,7,18365
44026,1259,345,299,933,1087,1432,4887,377,2738,3166,9,54,1775,7,18368
44027,1260,345,299,933,1087,1432,4890,377,2739,3166,9,54,1775,7,18373
44028,1260,345,299,933,1088,1432,4896,377,2742,3167,9,54,1775,7,18384
44029,1262,345,299,937,1091,1433,4897,377,2743,3169,9,54,1778,7,18401
44030,1263,346,300,937,1092,1435,4905,377,2744,3174,9,54,1779,7,18422
44031,1266,346,300,936,1092,1440,4912,378,2747,3177,9,54,1781,7,18445
44032,1267,346,300,936,1092,1440,4914,378,2748,3180,9,54,1781,7,18452
44033,1269,346,300,937,1092,1440,4918,378,2762,3181,9,54,1781,7,18474
44034,1270,346,300,938,1092,1440,4921,378,2765,3182,9,54,1782,7,18484
44035,1272,346,300,939,1092,1441,4926,379,2769,3183,9,54,1783,7,18500
44036,1273,346,300,939,1091,1442,4940,381,2770,3184,9,54,1784,7,18520
44037,1274,347,300,940,1091,1445,4949,381,2778,3187,9,54,1785,7,18547
44038,1274,347,300,940,1091,1445,4953,381,2778,3187,9,54,1785,7,18551
44039,1275,347,300,940,1091,1445,4954,381,2779,3187,9,54,1785,7,18554
44040,1275,347,300,941,1091,1445,4957,381,2779,3187,9,54,1785,7,18558
44041,1275,347,301,941,1092,1446,4971,381,2779,3192,9,54,1785,7,18580
44042,1275,347,301,943,1096,1448,4976,381,2780,3193,9,54,1787,7,18597
44043,1276,347,302,946,1096,1451,4983,382,2784,3198,9,54,1792,7,18627
44044,1277,347,302,946,1097,1457,4986,383,2784,3203,9,54,1793,7,18645
44045,1277,347,303,947,1097,1470,4994,383,2785,3208,9,54,1795,7,18676
44046,1277,347,303,947,1097,1481,5000,383,2785,3209,9,54,1795,7,18694
44047,1277,347,304,947,1097,1496,5004,383,2785,3212,9,54,1795,7,18717
44048,1278,347,304,948,1098,1532,5019,385,2788,3215,9,54,1797,7,18781
44049,1278,347,305,948,1099,1570,5036,385,2790,3218,9,54,1801,7,18847
44050,1279,347,305,952,1100,1597,5041,385,2792,3219,9,54,1803,7,18890
44051,1280,348,305,953,1102,1636,5050,386,2794,3222,9,54,1804,7,18950
44052,1282,348,305,953,1107,1664,5052,386,2797,3227,9,55,1806,7,18998
44053,1283,348,305,954,1103,1682,5058,386,2798,3230,9,55,1809,7,19027
44054,1283,349,305,957,1104,1709,5071,388,2799,3231,9,56,1811,7,19079
44055,1285,349,305,957,1106,1733,5079,388,2801,3236,9,56,1815,7,19126
44056,1286,350,305,959,1107,1759,5089,388,2801,3237,12,56,1817,7,19173
44057,1286,350,305,964,1107,1787,5098,389,2813,3239,14,56,1823,7,19238
44058,1286,350,305,964,1108,1812,5106,389,2821,3243,15,56,1827,7,19289
44059,1287,350,305,964,1108,1826,5117,389,2824,3248,16,56,1835,7,19332
44060,1288,350,305,966,1108,1839,5123,390,2824,3248,16,56,1838,7,19358
44061,1290,350,305,967,1109,1846,5135,391,2830,3251,16,56,1854,7,19407
44062,1293,350,305,969,1110,1861,5145,392,2833,3254,16,56,1866,7,19457
44063,1295,350,306,969,1112,1873,5167,393,2843,3254,16,56,1893,7,19534
44064,1295,350,307,970,1112,1883,5183,396,2847,3259,16,56,1924,7,19605
44065,1298,352,308,972,1113,1891,5194,399,2855,3265,16,56,2002,7,19728
44066,1302,353,309,977,1114,1894,5210,399,2859,3276,16,56,2039,7,19811
44067,1304,355,309,978,1117,1899,5225,399,2876,3283,16,56,2053,7,19877
44068,1306,356,309,978,1118,1905,5237,401,2881,3291,16,56,2060,7,19921
44069,1308,359,310,979,1118,1910,5252,402,2889,3306,16,56,2076,7,19988
44070,1310,360,311,980,1120,1919,5273,403,2897,3313,16,56,2091,7,20056
44071,1314,364,312,982,1123,1921,5287,403,2900,3321,16,56,2101,7,20107
44072,1324,366,312,985,1126,1927,5323,407,2907,3327,16,56,2112,7,20195
44073,1340,367,313,989,1133,1933,5362,408,2933,3342,16,56,2119,7,20318
44074,1348,370,313,993,1142,1937,5431,411,2960,3360,17,56,2133,7,20478
44075,1359,372,314,997,1149,1939,5497,417,2987,3378,17,56,2143,7,20632
44076,1365,373,314,1000,1156,1942,5583,421,3013,3394,17,56,2147,7,20788
44077,1371,375,314,1000,1157,1948,5636,432,3028,3397,17,56,2151,7,20889
44078,1381,378,314,1006,1164,1954,5709,445,3044,3414,17,56,2157,9,21048
44079,1388,379,315,1006,1178,1956,5777,451,3064,3428,17,56,2165,9,21189
44080,1399,383,318,1014,1192,1970,5869,457,3094,3446,17,56,2173,9,21397
44081,1408,384,318,1016,1195,1978,5947,463,3113,3459,17,56,2180,9,21543
44082,1416,386,322,1018,1203,1983,6038,467,3145,3475,17,56,2184,9,21719
44083,1425,389,323,1025,1213,1991,6101,470,3164,3504,17,56,2191,9,21878
44084,1433,393,326,1030,1216,1996,6166,473,3210,3516,17,57,2197,9,22039
44085,1445,395,326,1033,1223,1998,6246,477,3249,3540,17,57,2199,9,22214
44086,1449,401,329,1038,1224,2003,6352,481,3297,3575,17,57,2203,9,22435
44087,1460,413,330,1042,1228,2011,6456,489,3359,3600,17,57,2208,9,22679
44088,1470,415,331,1044,1230,2017,6483,494,3367,3606,17,57,2209,9,22749
44089,1483,420,333,1049,1239,2026,6584,501,3426,3659,17,57,2213,9,23016
44090,1492,424,340,1052,1254,2042,6689,512,3466,3704,17,57,2225,9,23283
44091,1506,433,341,1063,1263,2055,6801,525,3518,3751,17,57,2233,10,23573
44092,1514,447,343,1070,1273,2065,6870,535,3547,3781,17,57,2247,10,23776
44093,1527,460,346,1091,1281,2078,6986,549,3603,3861,19,60,2255,10,24126
44094,1528,465,350,1114,1293,2098,7046,557,3652,3914,19,60,2265,10,24371
44095,1535,473,354,1128,1309,2114,7149,559,3699,3944,19,60,2273,10,24626
44096,1542,473,356,1142,1324,2121,7330,566,3791,3995,19,60,2280,10,25009
44097,1555,478,360,1165,1336,2140,7554,574,3898,4052,19,60,2294,10,25495
44098,1567,479,367,1182,1352,2159,7773,594,3964,4125,20,60,2308,10,25960
44099,1591,487,370,1200,1363,2171,8028,609,4025,4244,20,60,2337,13,26518
44100,1618,493,379,1246,1379,2196,8318,622,4116,4357,22,60,2413,13,27232
44101,1638,497,388,1251,1385,2208,8490,630,4174,4397,22,60,2419,17,27576
44102,1646,501,391,1263,1396,2221,8543,634,4211,4451,22,60,2433,26,27798
44103,1684,509,399,1299,1420,2275,8845,646,4302,4631,23,60,2483,28,28604
44104,1703,514,411,1331,1448,2313,9077,653,4375,4791,23,60,2515,30,29244
44105,1730,515,416,1358,1467,2338,9321,669,4498,4957,23,60,2528,32,29912
44106,1776,520,429,1381,1492,2362,9645,681,4600,5121,23,60,2558,39,30687
44107,1810,524,434,1404,1526,2381,9944,700,4752,5264,23,60,2585,44,31451
44108,1852,530,441,1430,1553,2407,10210,715,4890,5440,23,60,2614,44,32209
44109,1892,540,446,1452,1589,2431,10452,722,5020,5585,23,60,2647,47,32906
44110,1932,544,449,1473,1631,2451,10755,728,5187,5749,23,60,2674,50,33706
44111,1995,549,464,1515,1667,2485,11165,747,5382,5939,23,60,2716,53,34760
44112,2068,560,471,1537,1701,2525,11570,758,5612,6091,23,60,2758,53,35787
44113,2152,564,484,1564,1754,2593,12010,772,5918,6283,23,60,2800,56,37033
44114,2223,567,510,1602,1784,2645,12367,784,6122,6443,24,61,2854,56,38042
44115,2295,570,547,1634,1829,2684,12663,795,6347,6601,24,62,2890,57,38998
44116,2383,574,556,1653,1862,2719,13022,807,6591,6713,24,62,2935,58,39959
44117,2478,585,580,1695,1918,2774,13441,820,6928,6904,24,62,2989,58,41256
44118,2570,589,595,1743,1976,2816,13978,828,7255,7143,24,63,3047,58,42685
44119,2681,600,624,1775,2029,2855,14428,842,7629,7304,24,63,3124,58,44036
44120,2785,605,653,1802,2059,2889,14844,856,7938,7465,26,63,3188,59,45232
44121,2888,612,663,1829,2099,2927,15279,867,8284,7579,26,63,3221,62,46399
44122,2926,614,670,1832,2108,2935,15382,874,8382,7614,26,63,3227,62,46715
44123,2983,619,682,1857,2132,2962,15744,890,8676,7736,26,63,3276,62,47708
44124,3099,630,698,1903,2177,3016,16244,902,9069,7934,27,64,3339,62,49164
44125,3204,640,714,1939,2248,3055,16849,921,9589,8164,28,64,3424,64,50903
44126,3355,646,733,2005,2322,3086,17433,947,10046,8356,29,65,3528,64,52615
44127,3472,653,750,2053,2359,3103,17926,956,10459,8525,31,65,3599,65,54016
44128,3646,656,765,2111,2414,3131,18450,970,10780,8691,31,66,3670,68,55449
44129,3778,661,774,2176,2460,3186,18887,983,11121,8846,31,66,3715,68,56752
44130,3875,672,793,2217,2504,3218,19315,994,11395,8951,31,66,3775,68,57874
44131,3971,677,818,2255,2565,3240,19769,1008,11742,9153,31,66,3838,68,59201
44132,4062,680,831,2291,2605,3268,20220,1026,12034,9305,32,67,3914,68,60403
44133,4183,690,840,2345,2650,3294,20636,1036,12300,9422,33,67,3966,69,61531
44134,4268,699,857,2384,2693,3324,21132,1057,12558,9616,33,67,4055,69,62812
44135,4352,707,872,2434,2730,3366,21506,1068,12875,9737,33,68,4096,69,63913
44136,4435,717,885,2471,2786,3396,21949,1095,13128,9877,33,68,4152,69,65061
44137,4511,728,896,2509,2819,3413,22334,1106,13396,9946,33,68,4184,69,66012
44138,4618,740,906,2551,2841,3443,22712,1118,13603,10074,33,69,4234,69,67011
44139,4706,750,916,2634,2875,3485,23314,1130,13921,10237,33,70,4304,69,68444
44140,4786,753,935,2703,2950,3512,23795,1148,14157,10365,33,70,4384,69,69660
44141,4861,767,958,2750,2979,3536,24255,1165,14367,10477,33,70,4445,69,70732
44142,4979,785,979,2825,3045,3567,24857,1185,14735,10668,34,70,4530,69,72328
44143,5080,792,986,2886,3088,3609,25273,1200,14980,10790,34,70,4585,70,73443
44144,5153,798,997,2936,3108,3635,25636,1206,15199,10897,34,70,4616,70,74355
44145,5243,806,1003,2969,3147,3655,25929,1215,15370,11011,34,70,4665,70,75187
44146,5323,812,1015,3038,3203,3706,26417,1224,15642,11156,34,70,4737,71,76448
44147,5399,831,1033,3114,3234,3760,26891,1241,15873,11297,35,70,4810,72,77660
44148,5476,841,1046,3262,3314,3810,27324,1254,16140,11460,35,70,4911,74,79017
44149,5554,848,1053,3344,3373,3885,27724,1268,16358,11580,35,70,4968,75,80135
44150,5644,867,1060,3412,3443,3937,28183,1277,16584,11688,35,70,5019,75,81294
44151,5692,881,1068,3454,3506,3970,28403,1288,16720,11789,35,71,5059,75,82011
44152,5771,888,1074,3516,3586,4015,28842,1297,17002,11942,35,71,5145,75,83259
44153,5857,896,1077,3600,3648,4062,29262,1311,17314,12083,35,71,5232,75,84523
44154,5935,910,1087,3665,3689,4124,29611,1322,17527,12266,36,73,5292,75,85612
44155,6021,921,1092,3725,3745,4179,30002,1328,17689,12389,36,73,5355,75,86630
44156,6080,933,1104,3777,3789,4215,30236,1334,17935,12529,36,73,5401,75,87517
44157,6126,942,1109,3821,3815,4263,30545,1339,18116,12648,36,73,5453,75,88361
44158,6209,950,1114,3881,3849,4306,30915,1346,18306,12743,36,73,5507,75,89310
44159,6259,956,1115,3929,3893,4355,31162,1357,18462,12851,36,71,5560,75,90081
44160,6321,962,1123,3969,3917,4477,31422,1371,18652,12945,36,73,5618,75,90961
44161,6440,968,1129,4046,3984,4551,31805,1384,18887,13113,37,75,5691,76,92186
44162,6503,973,1137,4106,4027,4624,32120,1391,19088,13234,37,75,5762,78,93155
44163,6561,979,1141,4165,4072,4674,32341,1410,19254,13356,37,75,5800,78,93943
44164,6639,980,1143,4212,4112,4721,32570,1422,19413,13434,37,75,5853,78,94689
44165,6672,983,1143,4240,4120,4758,32703,1426,19461,13482,37,75,5879,78,95057
44166,6716,994,1147,4300,4178,4801,32939,1433,19629,13565,38,75,5915,81,95811
44167,6786,1000,1155,4369,4226,4864,33282,1445,19783,13680,38,75,5978,81,96762
44168,6875,1007,1160,4429,4274,4940,33539,1461,19938,13830,38,76,6071,82,97720
44169,6944,1014,1167,4492,4321,5008,33797,1559,20104,13947,38,76,6137,82,98686
44170,7008,1020,1172,4544,4370,5077,34007,1574,20221,14096,38,76,6178,82,99463
44171,7078,1023,1177,4604,4394,5125,34197,1577,20347,14160,38,76,6228,82,100106
44172,7134,1029,1182,4656,4446,5190,34375,1584,20450,14274,38,76,6267,82,100783
44173,7218,1041,1185,4701,4488,5233,34564,1589,20540,14407,38,76,6313,82,101475
44174,7283,1056,1194,4764,4539,5330,34787,1602,20687,14557,38,76,6377,82,102372
44175,7364,1067,1200,4855,4619,5393,35002,1613,20843,14715,38,76,6434,86,103305
44176,7481,1079,1204,4934,4653,5504,35248,1626,20968,14911,38,76,6498,86,104306
44177,7570,1104,1209,5038,4708,5583,35544,1640,21119,15054,38,76,6601,86,105370
44178,7650,1118,1211,5110,4736,5663,35723,1657,21235,15193,38,76,6674,86,106170
44179,7731,1129,1213,5152,4765,5726,35936,1669,21330,15328,38,76,6723,88,106904
44180,7811,1144,1218,5219,4805,5812,36142,1681,21457,15496,38,76,6761,89,107749
44181,7902,1162,1223,5263,4836,5893,36251,1697,21549,15636,38,76,6822,90,108438
44182,7965,1173,1236,5335,4879,5996,36472,1723,21678,15779,38,76,6856,90,109296
44183,8016,1195,1247,5375,4908,6090,36644,1738,21743,15937,38,76,6943,90,110040
44184,8081,1205,1248,5413,4939,6136,36764,1750,21864,16040,38,76,6966,91,110612
44185,8176,1216,1258,5471,4974,6264,37038,1772,21951,16183,38,76,7037,92,111546
44186,8282,1244,1273,5552,5060,6408,37404,1797,22190,16460,38,77,7173,92,113050
44187,8382,1267,1298,5633,5100,6580,37825,1819,22331,16676,38,77,7248,92,114366
44188,8509,1283,1309,5701,5164,6736,38084,1837,22545,16833,38,78,7347,92,115556
44189,8609,1305,1327,5789,5202,6864,38418,1872,22779,17036,38,80,7459,92,116870
44190,8700,1333,1341,5844,5244,7014,38718,1906,22930,17239,38,86,7548,94,118035
44191,8771,1361,1358,5905,5287,7117,39041,1948,23147,17405,39,87,7624,94,119184
44192,8823,1383,1385,5943,5317,7174,39273,1973,23247,17509,39,89,7675,94,119924
44193,8885,1398,1393,6007,5358,7262,39525,1990,23402,17661,39,91,7786,94,120891
44194,9023,1457,1499,6067,5450,7426,40043,2024,23684,17941,39,105,7934,94,122786
44195,9163,1507,1591,6177,5544,7610,40661,2091,23979,18198,39,112,8064,95,124831
44196,9388,1586,1705,6278,5622,7870,41341,2172,24351,18577,39,128,8300,96,127453
44197,9591,1654,1862,6421,5731,8150,42027,2314,24700,18776,39,147,8482,98,129992
44198,9705,1789,1967,6550,5840,8350,42548,2348,25033,19102,39,148,8603,107,132129
44199,9925,1858,2137,6656,5936,8518,43234,2442,25373,19389,39,149,8830,107,134593
44200,10037,1921,2224,6751,6027,8751,43682,2532,25694,19609,39,150,8974,107,136498
44201,10198,1964,2337,6891,6173,8971,44377,2622,26082,19931,39,151,9184,107,139027
44202,10392,2013,2413,6980,6261,9177,44980,2705,26378,20095,41,163,9361,107,141066
44203,10575,2071,2496,7125,6418,9479,45640,2805,26767,20452,41,168,9570,108,143715
44204,10746,2101,2602,7271,6546,9671,46332,2863,27157,20672,42,170,9742,109,146024
44205,10856,2145,2646,7376,6635,9870,46819,2960,27462,20909,45,172,9882,112,147889
44206,10996,2184,2731,7495,6709,10057,47350,3028,27740,21097,45,175,10047,112,149766
44207,11140,2221,2784,7566,6794,10178,47944,3095,28047,21271,45,175,10176,112,151548
44208,11302,2266,2855,7667,6877,10314,48551,3152,28327,21485,45,182,10285,115,153423
44209,11436,2291,2910,7783,6967,10480,49143,3210,28685,21677,45,185,10445,115,155372
44210,11560,2312,2976,7870,7047,10685,49669,3278,28927,21854,45,185,10548,123,157079
44211,11729,2347,3044,8004,7185,10847,50305,3359,29266,22116,46,189,10679,123,159239
44212,11899,2372,3113,8082,7299,11010,50771,3413,29561,22285,48,189,10810,140,160992
44213,12024,2382,3161,8157,7373,11141,51183,3456,29787,22408,48,192,10881,140,162333
44214,12140,2411,3199,8218,7443,11254,51634,3477,30031,22586,49,195,10971,154,163762
44215,12236,2425,3234,8300,7504,11340,51988,3499,30209,22728,51,200,11054,159,164927
44216,12377,2449,3277,8370,7615,11492,52500,3543,30464,22879,53,203,11198,163,166583
44217,12493,2473,3334,8436,7720,11596,53010,3585,30792,23061,53,205,11294,167,168219
44218,12614,2504,3376,8498,7793,11724,53437,3631,31065,23227,56,206,11400,168,169699
44219,12722,2526,3408,8556,7862,11824,53819,3675,31321,23382,56,208,11479,168,171006
44220,12808,2547,3448,8600,7934,11950,54182,3709,31549,23493,56,208,11548,169,172201
44221,12895,2554,3473,8627,7986,11996,54406,3723,31687,23576,57,209,11595,169,172953
44222,12984,2566,3497,8677,8045,12074,54753,3756,31883,23672,60,210,11655,170,174002
44223,13094,2586,3543,8730,8129,12167,55147,3798,32128,23807,60,210,11762,171,175332
44224,13162,2597,3572,8786,8218,12261,55499,3843,32361,23957,61,210,11826,180,176533
44225,13270,2614,3599,8838,8295,12325,55836,3886,32568,24104,61,210,11896,186,177688
44226,13344,2626,3631,8870,8352,12388,56167,3926,32742,24223,62,210,11955,186,178682
44227,13457,2638,3660,8910,8406,12426,56458,3960,32918,24344,62,210,12048,188,179685
44228,13515,2649,3679,8950,8481,12471,56702,3976,33085,24455,62,210,12109,189,180533
44229,13579,2655,3695,8989,8552,12516,56963,3987,33223,24518,62,210,12146,196,181291
44230,13661,2666,3708,9031,8653,12569,57269,4029,33391,24600,62,210,12223,197,182269
44231,13721,2685,3725,9077,8785,12646,57608,4067,33581,24759,62,210,12290,202,183418
44232,13797,2690,3750,9101,8877,12701,57872,4114,33715,24862,62,210,12353,209,184313
44233,13866,2699,3768,9131,8974,12734,58125,4148,33873,24995,63,210,12410,212,185208
44234,13913,2705,3779,9156,9034,12778,58250,4163,34002,25067,63,211,12457,214,185792
44235,13996,2709,3806,9178,9097,12829,58533,4214,34171,25188,63,211,12506,219,186720
44236,14060,2715,3825,9202,9190,12863,58810,4246,34330,25278,63,212,12526,222,187542
44237,14157,2722,3844,9236,9272,12909,59020,4265,34460,25387,64,212,12571,226,188345
44238,14273,2727,3875,9259,9345,12954,59263,4309,34605,25468,66,212,12590,229,189175
44239,14392,2731,3888,9295,9430,12974,59520,4334,34738,25568,68,212,12613,242,190005
44240,14496,2735,3898,9330,9549,13031,59755,4362,34909,25671,69,212,12653,243,190913
44241,14589,2738,3907,9362,9636,13078,60006,4382,35061,25847,69,212,12682,247,191816
44242,14653,2743,3914,9387,9689,13097,60129,4411,35158,25959,69,212,12704,250,192375
44243,14699,2746,3929,9433,9763,13124,60381,4424,35284,26098,69,212,12734,252,193148
44244,14812,2758,3940,9460,9892,13177,60671,4450,35514,26279,69,212,12781,254,194269
44245,14843,2759,3948,9522,9985,13203,60829,4487,35614,26399,70,212,12825,258,194954
44246,14925,2766,3964,9547,10066,13231,61096,4504,35780,26562,70,212,12856,260,195839
44247,14990,2779,3982,9595,10141,13256,61305,4526,35914,26734,70,212,12878,260,196642
44248,15057,2784,3985,9633,10205,13292,61507,4551,36082,26912,70,212,12918,261,197469
44249,15113,2790,3993,9659,10267,13326,61753,4568,36181,27052,70,212,12938,262,198184
44250,15152,2791,4005,9683,10338,13338,61951,4582,36309,27175,70,212,12967,266,198839
44251,15201,2793,4017,9724,10438,13385,62175,4601,36429,27308,70,212,13016,268,199637
44252,15259,2799,4022,9764,10513,13403,62402,4615,36575,27449,70,212,13055,268,200406
44253,15297,2801,4028,9805,10590,13422,62563,4621,36672,27554,70,212,13084,268,200987
44254,15325,2803,4032,9828,10636,13441,62714,4631,36761,27660,70,212,13130,269,201512
44255,15346,2804,4036,9859,10701,13463,62885,4641,36856,27774,70,212,13168,269,202084
44256,15376,2807,4040,9876,10740,13476,63008,4655,36907,27844,70,212,13188,271,202470
44257,15400,2810,4043,9891,10814,13488,63166,4673,37008,27948,70,212,13217,272,203012
44258,15449,2813,4045,9914,10884,13517,63316,4682,37110,28025,70,212,13246,272,203555
44259,15481,2816,4048,9936,10942,13540,63462,4704,37197,28096,70,213,13276,274,204055
44260,15505,2820,4052,9947,10987,13560,63619,4717,37304,28169,70,213,13313,277,204553
44261,15537,2824,4056,9995,11036,13586,63785,4726,37395,28241,70,213,13359,285,205108
44262,15561,2827,4060,10003,11092,13615,63889,4738,37456,28304,70,213,13382,288,205498
44263,15598,2833,4061,10044,11139,13640,64027,4752,37555,28371,70,213,13408,288,205999
44264,15624,2835,4069,10068,11191,13657,64181,4770,37636,28433,70,213,13429,289,206465
44265,15707,2837,4074,10105,11251,13687,64413,4785,37738,28529,70,213,13457,290,207156
44266,15758,2837,4081,10142,11307,13728,64596,4793,37840,28602,70,213,13490,290,207747
44267,15800,2842,4084,10185,11346,13771,64847,4817,37945,28695,70,213,13524,290,208429
44268,15855,2844,4088,10227,11393,13805,65021,4842,38077,28792,70,213,13551,290,209068
44269,15904,2846,4089,10266,11426,13828,65182,4851,38142,28867,70,213,13578,290,209552
44270,15949,2847,4091,10295,11449,13846,65320,4867,38218,28937,70,214,13615,290,210008
44271,16000,2851,4091,10343,11486,13874,65527,4876,38316,29018,70,219,13644,290,210605
44272,16074,2854,4096,10393,11521,13896,65706,4887,38413,29123,70,219,13687,291,211230
44273,16119,2856,4097,10438,11556,13927,65874,4899,38505,29257,70,221,13744,291,211854
44274,16170,2857,4098,10478,11589,13962,66036,4912,38639,29395,70,221,13791,291,212509
44275,16203,2857,4100,10518,11625,13993,66167,4922,38716,29480,70,224,13831,291,212997
44276,16232,2857,4105,10544,11657,14018,66308,4926,38818,29584,71,224,13894,291,213529
44277,16253,2857,4106,10563,11684,14043,66443,4930,38872,29630,71,224,13918,294,213888
44278,16283,2857,4116,10594,11704,14071,66586,4936,38974,29737,71,229,13931,294,214383
44279,16306,2857,4125,10628,11763,14125,66773,4940,39082,29902,71,229,13980,294,215075
44280,16344,2859,4129,10654,11794,14181,66950,4952,39223,29882,71,230,14036,294,215599
44281,16376,2863,4130,10681,11823,14224,67119,4954,39332,29976,71,230,14069,294,216142
44282,16404,2866,4134,10710,11872,14269,67276,4958,39432,30095,71,230,14094,294,216705
44283,16439,2867,4134,10730,11913,14284,67383,4959,39513,30176,71,231,14133,294,217127
44284,16461,2870,4134,10751,11954,14313,67484,4961,39581,30220,71,231,14154,294,217479
44285,16483,2870,4136,10773,11999,14326,67576,4968,39659,30329,71,231,14175,294,217890
44286,16524,2871,4137,10799,12074,14374,67712,4972,39757,30402,71,232,14213,294,218432
44287,16548,2872,4137,10812,12114,14409,67832,4975,39824,30475,71,232,14237,294,218832
44288,16571,2872,4137,10860,12150,14434,67937,4983,39896,30538,71,232,14271,294,219246
44289,16596,2873,4137,10892,12185,14453,68061,4996,39958,30595,71,232,14300,294,219643
44290,16613,2873,4137,10916,12224,14473,68158,5006,40010,30653,71,232,14326,294,219986
44291,16620,2874,4137,10936,12240,14488,68231,5015,40055,30699,71,232,14342,294,220234
44292,16634,2874,4137,10961,12259,14497,68324,5022,40087,30743,71,232,14358,294,220493
44293,16647,2874,4137,10988,12280,14519,68418,5024,40139,30789,71,232,14370,294,220782
44294,16662,2875,4137,11021,12323,14556,68518,5027,40204,30830,71,232,14396,294,221146
44295,16677,2876,4139,11049,12347,14590,68608,5029,40245,30866,71,232,14408,294,221431
44296,16690,2877,4140,11072,12378,14622,68679,5031,40304,30897,71,232,14425,294,221712
44297,16702,2877,4141,11093,12397,14636,68752,5041,40360,30923,71,233,14442,294,221962
44298,16712,2877,4142,11114,12407,14649,68819,5050,40388,30951,71,233,14454,294,222161
44299,16714,2877,4142,11130,12416,14666,68914,5051,40439,30972,71,235,14461,294,222382
44300,16724,2878,4143,11172,12433,14689,68999,5060,40484,31001,71,235,14477,294,222660
44301,16729,2879,4143,11187,12447,14707,69087,5072,40523,31028,71,235,14495,294,222897
44302,16758,2882,4145,11208,12475,14732,69204,5082,40603,31060,71,235,14512,294,223261
44303,16775,2882,4146,11220,12489,14755,69258,5087,40652,31082,71,235,14525,294,223471
44304,16789,2883,4146,11230,12500,14773,69318,5089,40710,31108,71,235,14536,294,223682
44305,16810,2883,4147,11239,12514,14791,69376,5093,40766,31138,71,235,14557,294,223914
44306,16826,2883,4147,11249,12521,14814,69421,5096,40795,31167,71,235,14573,294,224092
44307,16851,2883,4149,11273,12543,14833,69489,5099,40855,31204,71,235,14586,294,224365
44308,16879,2883,4152,11290,12553,14854,69553,5101,40897,31238,71,235,14596,294,224596
44309,16905,2883,4158,11314,12565,14864,69627,5108,40950,31265,72,235,14611,294,224851
44310,16914,2883,4168,11333,12575,14877,69660,5109,40979,31297,73,235,14631,294,225028
44311,16932,2884,4170,11343,12582,14886,69726,5112,41008,31320,73,235,14639,294,225204
44312,16941,2884,4173,11361,12589,14896,69757,5117,41034,31342,73,235,14650,294,225346
44313,16950,2884,4175,11377,12593,14909,69806,5119,41051,31356,72,235,14658,294,225479
44314,16967,2886,4178,11396,12602,14935,69861,5121,41076,31390,72,235,14670,294,225683
44315,16982,2887,4184,11420,12609,14952,69904,5132,41103,31411,72,235,14676,294,225861
44316,16996,2890,4190,11440,12621,14975,69944,5133,41132,31449,72,235,14681,294,226052
44317,17009,2890,4197,11454,12628,14991,69990,5137,41154,31490,72,235,14686,294,226227
44318,17015,2891,4197,11463,12643,15013,70028,5141,41178,31511,72,235,14692,294,226373
44319,17023,2892,4199,11466,12652,15034,70061,5146,41207,31528,72,235,14696,294,226505
44320,17041,2892,4200,11476,12659,15050,70096,5149,41227,31554,72,235,14699,294,226644
44321,17044,2892,4200,11485,12668,15068,70121,5149,41236,31565,72,235,14700,294,226729
44322,17056,2893,4204,11510,12685,15104,70215,5153,41279,31600,72,235,14712,294,227012
44323,17076,2894,4205,11522,12706,15138,70288,5155,41311,31633,72,235,14719,294,227248
44324,17091,2896,4206,11538,12711,15157,70376,5156,41340,31666,72,235,14734,294,227472
44325,17101,2897,4208,11551,12718,15180,70453,5159,41364,31690,72,235,14750,294,227672
44326,17113,2897,4208,11564,12732,15200,70502,5163,41392,31707,72,235,14761,294,227840
44327,17127,2897,4208,11580,12741,15221,70597,5165,41437,31740,72,235,14764,294,228078
44328,17143,2897,4211,11605,12765,15248,70738,5170,41488,31780,72,235,14777,294,228423
44329,17153,2897,4210,11632,12773,15255,70876,5172,41527,31806,72,235,14790,295,228693
44330,17157,2900,4210,11648,12774,15270,70986,5172,41548,31843,72,235,14797,296,228908
44331,17178,2901,4212,11674,12787,15296,71162,5177,41613,31897,74,235,14819,296,229321
44332,17190,2902,4212,11690,12806,15312,71305,5178,41645,31942,74,235,14826,296,229613
44333,17192,2902,4212,11711,12815,15327,71365,5178,41670,31963,74,235,14834,296,229774
44334,17203,2903,4212,11722,12840,15330,71503,5180,41702,31992,74,236,14848,297,230042
44335,17220,2905,4213,11744,12866,15350,71695,5185,41739,32051,74,236,14861,297,230436
44336,17246,2907,4214,11769,12888,15360,71913,5188,41782,32116,74,236,14878,297,230868
44337,17264,2907,4215,11780,12917,15368,72125,5194,41844,32164,74,236,14897,297,231282
44338,17281,2908,4215,11800,12945,15380,72294,5195,41882,32229,74,236,14916,297,231652
44339,17296,2908,4215,11808,12959,15387,72498,5198,41921,32292,74,236,14941,297,232030
44340,17318,2909,4215,11819,12978,15395,72653,5204,41951,32331,74,236,14963,297,232343
44341,17336,2909,4215,11830,13006,15406,72802,5205,41985,32385,74,236,14975,297,232661
44342,17369,2911,4216,11856,13031,15422,73031,5211,42079,32444,74,236,15030,297,233207
44343,17407,2911,4218,11875,13050,15434,73201,5215,42147,32542,74,236,15064,297,233671
44344,17456,2913,4219,11910,13073,15445,73434,5224,42251,32674,74,236,15106,297,234312
44345,17509,2913,4221,11933,13097,15454,73673,5255,42334,32754,74,236,15145,297,234895
44346,17544,2914,4224,11960,13125,15464,73854,5275,42402,32873,74,236,15179,297,235421
44347,17599,2915,4226,11975,13144,15471,74044,5287,42476,32957,74,236,15210,297,235911
44348,17636,2918,4228,11996,13166,15476,74229,5298,42525,33064,74,236,15245,298,236389
